,MAE,RMSE,R2
Linear Regression,2.164222150036615,3.01968807454329,0.006541497333395596
Ridge Regression,2.164166096722696,3.0197633226073055,0.006491984431012399
Random Forest,2.1886211769920867,3.057746596467433,-0.01865834247992182
Gradient Boosting,2.2518796410120676,3.0910214344619065,-0.04094934609004164
XGBoost,2.3267404936991753,3.2367870802563496,-0.14144194384602837
